original_english,target_spanish,translation1,translation2,rouge1_f1_1,rouge1_f1_2,rouge2_f1_1,rouge2_f1_2,rougeL_f1_1,rougeL_f1_2,len_trans1,len_trans2,len_target,len_diff_abs,len_diff_pct1,len_diff_pct2,overlap_with_target1,overlap_with_target2,overlap_between_translations,divergence_score
Thyroid disease,Enfermedad tiroidea, Enfermedad de la tiroides,"La enfermedad tiroidea puede manifestarse de diferentes maneras, incluyendo hipotiroidismo y hipertiroidismo. En algunos casos, se requiere una tireoidectomía para eliminar la glándula tiroidea afectada. El tratamiento con yodo radioactivo también es común en el manejo de esta condición.",0.3333333333333333,0.08695652173913045,0.0,0.04545454545454545,0.3333333333333333,0.08695652173913045,4,39,2,35,100.0,1850.0,0.5,0.5,1.0,5.666666666666667
Oysters,Ostras, Mejillones,"La intoxicación por moluscos causada por los mejillones puede provocar gastroenteritis y, en casos graves, la infección por Vibrio vulnificus puede ser mortal.",0.0,0.0,0.0,0.0,0.0,0.0,1,23,1,22,0.0,2200.0,0.0,0.0,0.0,5.2
Brussels sproutsCabbage,Alimentos fortificados como la leche de soya (soja)., Coliflor,Brócoli de Bruselas (Coles de Bruselas),0.0,0.13333333333333333,0.0,0.0,0.0,0.13333333333333333,1,6,8,5,87.5,25.0,0.0,0.125,0.0,3.5
Oxygen,Oxígeno,Oxígeno,"Terapia con Oxígeno es crucial para pacientes que sufren de Hipoxemia, especialmente aquellos en Falla Respiratoria. El uso de Oxígeno Suplementario puede ser necesario para mantener niveles adecuados de oxígeno en la sangre.",1.0,0.10526315789473684,1.0,0.05555555555555556,1.0,0.10526315789473684,1,33,1,32,0.0,3200.0,1.0,1.0,1.0,3.2
Congenital heart surgery; Patent ductus arteriosus ligation; Hypoplastic left heart repair; Tetralogy of Fallot repair; Coarctation of the aorta repair; Atrial septal defect repair; Ventricular septal defect repair; Truncus arteriosus repair; Total anomalous pulmonary artery correction; Transposition of great vessels repair; Tricuspid atresia repair; VSD repair; ASD repair; PDA ligation,Cirugía cardíaca congénita; Ligadura del conducto arterial persistente; Reparación de la hipoplasia del corazón izquierdo; Reparación de la tetralogía de Fallot; Reparación de la coartación de la aorta; Reparación de la comunicación interauricular; Reparación de la comunicación interventricular; Reparación del tronco arterial; Corrección de la arteria pulmonar anómala total; Reparación de la transposición de los grandes vasos; Reparación de la atresia tricuspídea; Reparación de CIV; Reparación de CIA; Ligadura del CAP,"La siguiente lista cubre las cardiopatías congénitas más comunes:\n\nCirugía del corazón congénito;\nLigadura de ductus arterioso patentado;\nReparación de hipoplasia del lado izquierdo del corazón;\nReparación de Tetralogía de Fallot;\nReparación de coartación de la aorta;\nReparación de defecto septal auricular;\nReparación de defecto septal ventricular;\nReparación de truncus arteriosus;\nCorrección anómala total del pulmón;\nReparación de transposición de grandes vasos;\nReparación de atresia tricúspide;\nReparación de VSD;\nReparación de ASD;\nLigadura de PDA"" 
}",La cirugía cardíaca congénita; Ligation del ducto arterioso persistente; Reparación de la hipoplasia del corazón izquierdo; Reparación de la cuarteta de Fallot; Reparación de la coartación de la aorta; Reparación del defecto septal auricular; Reparación del defecto septal ventricular; Reparación del tronco arterioso; Corrección anómala total de la arteria pulmonar; Reparación de la transposición de los grandes vasos; Reparación de la atresia tricúspide; Reparación del VSD; Reparación del ASD; Ligation del PDA,0.5492227979274611,0.7608695652173912,0.27225130890052357,0.6153846153846154,0.46632124352331605,0.7173913043478262,62,72,71,10,12.676056338028168,1.4084507042253522,0.2702702702702703,0.5945945945945946,0.40540540540540543,2.908255622901745
Ask your health care provider.,Pregúntele al médico., Pregunte a su proveedor de atención médica.,Pregunte a su proveedor de atención médica.,0.14285714285714285,0.14285714285714285,0.0,0.0,0.14285714285714285,0.14285714285714285,7,7,3,0,133.33333333333331,133.33333333333331,0.0,0.0,2.3333333333333335,2.857142857142857
"Always let your doctor know about any cold, flu, fever, herpes breakout, or other illnesses you may have. ","Siempre hágale saber al médico si tiene un resfriado, gripe, fiebre, brote de herpes o cualquier otra enfermedad que usted pueda tener.", No espere que un médico le recete antibióticos para infecciones virales como resfriados o gripe.,"Siempre comuníquese con su médico sobre cualquier resfriado, gripe, fiebre, brote de herpes o otras enfermedades que pueda tener.",0.34146341463414637,0.7111111111111111,0.05128205128205128,0.46511627906976744,0.19512195121951217,0.6666666666666666,15,19,22,4,31.818181818181817,13.636363636363635,0.18181818181818182,0.5909090909090909,0.13636363636363635,2.82543635226562
"Regular use -- the user misses more and more school or work; worries about losing drug source; uses drugs to ""fix"" negative feelings; begins to stay away from friends and family; may change friends to those who are regular users; shows increased tolerance and ability to ""handle"" the drug.","Consumo regular: el consumidor falta cada vez más al colegio o al trabajo; le preocupa perder la fuente de droga; utiliza las drogas para ""remediar"" sentimientos negativos; empieza a apartarse de los amigos y la familia; puede cambiar los amigos por aquéllos que son consumidores regulares; muestra aumento de la tolerancia y capacidad para ""manejar"" la droga.", Uso habitual -- el usuario se pierde más y más la escuela o el trabajo; preocupa por perder la fuente de drogas; utiliza las drogas para 'arreglar' los sentimientos negativos; comienza a mantenerse alejado de amigos y familiares; puede cambiar de amigos a aquellos que son usuarios regulares; muestra una tolerancia aumentada y capacidad para 'manejar' el medicamento.,"Uso regular -- el usuario se ausenta cada vez más de la escuela o el trabajo; preocupa sobre perder la fuente de drogas; utiliza las drogas para 'arreglar' sentimientos negativos; comienza a alejarse de amigos y familiares; puede cambiar amigos por aquellos que son usuarios regulares; muestra tolerancia aumentada y capacidad para 'manejar' el medicamento. Sin embargo, este comportamiento también puede indicar dependencia, adicción o trastorno por uso de sustancias.",0.6271186440677966,0.5954198473282444,0.29310344827586204,0.34108527131782945,0.559322033898305,0.5648854961832059,58,70,57,12,1.7543859649122806,22.807017543859647,0.5957446808510638,0.6170212765957447,0.8723404255319149,2.6840332268052776
Some patients develop heart failure and high blood pressure in the blood vessels of their lungs.Your chances of recovering or of the disease getting worse depend on the cause and how severe the disease was when it was first diagnosed.,"El estrés causado por la enfermedad se puede aliviar a menudo al participar en un grupo de apoyo, en el que los integrantes comparten experiencias y problemas en común.",Algunos pacientes desarrollan insuficiencia cardíaca y presión arterial alta en los vasos sanguíneos de sus pulmones. Sus posibilidades de recuperarse o que la enfermedad empeore dependen de la causa y de cuán grave era la enfermedad cuando se diagnosticó por primera vez.,Algunos pacientes desarrollan insuficiencia cardíaca y hipertensión arterial en las arterias de sus pulmones. Las posibilidades de recuperación o empeoramiento de la enfermedad dependen de la causa y de cuán grave era la enfermedad cuando se diagnosticó por primera vez.,0.2597402597402597,0.21333333333333335,0.026666666666666672,0.0273972602739726,0.12987012987012986,0.13333333333333333,42,40,29,2,44.827586206896555,37.93103448275862,0.3333333333333333,0.25925925925925924,0.9629629629629629,2.5802597402597405
Are illegal drugs being used?,¿Ha consumido drogas psicoactivas?, ¿Se están utilizando drogas ilegales?,¿Se están utilizando drogas ilegales?,0.2,0.2,0.0,0.0,0.2,0.2,5,5,4,0,25.0,25.0,0.25,0.25,1.25,2.55
"Several conditions may cause increased pressure in the skull, including:","Varias afecciones pueden provocar aumento de la presión intracraneal, entre ellas:"," Varias condiciones pueden causar una presión aumentada en el cráneo, incluyendo:","Varias condiciones pueden causar un aumento de la presión en el cráneo, incluyendo:",0.32,0.5185185185185186,0.08695652173913043,0.32,0.32,0.5185185185185186,11,13,11,2,0.0,18.181818181818183,0.2727272727272727,0.5454545454545454,0.8181818181818182,2.5203162055335966
Recent open heart surgery,Cirugía reciente a corazón abierto, Cirugía cardíaca abierta reciente.,La cirugía cardiaca abierta reciente del corazón,0.4615384615384615,0.6250000000000001,0.1818181818181818,0.28571428571428575,0.4615384615384615,0.6250000000000001,4,7,5,3,20.0,40.0,0.2,0.4,0.2,2.4566433566433568
Potatoes that are not green and have had any sprouts removed are safe to eat.,Las papas (patatas) que no estén verdes y a las que se les hayan quitado brotes o retoños se pueden comer sin problema., Las papas que no tengan un color verde y que hayan tenido cualquier brote eliminado son seguras de comer.,Las papas que no son verdes y de las cuales se han eliminado cualquier tallo son seguras para comer.,0.45454545454545453,0.40909090909090906,0.14285714285714288,0.14285714285714288,0.45454545454545453,0.40909090909090906,19,19,23,0,17.391304347826086,17.391304347826086,0.2857142857142857,0.38095238095238093,0.5238095238095238,2.116883116883117
"It is important to have the teeth cleaned thoroughly.This may involve use of various tools to loosen and remove plaque and tartar from the teeth. Proper flossing and brushing is always needed, even after professional tooth cleaning, to reduce your risk of gum disease. Your dentist or hygienist will show you how to brush and floss properly.","Es importante hacerse una limpieza dental completa que puede involucrar el uso de diversos instrumentos o aparatos para aflojar y remover la placa y el sarro de los dientes. Siempre se necesita el cepillado y uso de seda dental apropiados, incluso después de realizarse una limpieza dental profesional, para reducir el riesgo de enfermedad periodontal."," Es importante tener los dientes limpios a fondo. Esto puede implicar el uso de diversas herramientas para aflojar y eliminar la placa y el sarro de los dientes. La frotación y la higiene oral adecuadas son siempre necesarias, incluso después de un cepillado profesional, para reducir su riesgo de enfermedad gengival. Su dentista o higienista le mostrará cómo cepillar y enjuagar correctamente.","Es importante tener los dientes limpios de manera exhaustiva. Esto puede implicar el uso de varias herramientas para aflojar y eliminar la placa y el sarro de los dientes. La frotación y cepillado adecuados siempre son necesarios, incluso después de una limpieza profesional de los dientes, para reducir su riesgo de enfermedad periodontal. Su dentista o higienista le mostrará cómo cepillar y fregar los dientes correctamente.",0.512396694214876,0.56,0.31932773109243695,0.3252032520325204,0.4628099173553719,0.496,62,66,55,4,12.727272727272727,20.0,0.55,0.6,1.025,2.0182755746926873
"If you have surgery, your sperm count will likely increase but it will not improve your chances of getting a woman pregnant.","Si le practican una cirugía, el conteo de espermatozoides probablemente se incrementará pero no mejorará las posibilidades de embarazar a una mujer."," Si tiene una operación, su recuento de espermatozoides probablemente aumentará pero no mejorará sus posibilidades de que una mujer se quede embarazada.","Si tienes cirugía, es probable que aumente tu conteo de espermatozoides, pero no mejorará tus posibilidades de quedar embarazada.",0.5652173913043478,0.5116279069767442,0.2727272727272727,0.2926829268292683,0.5217391304347826,0.5116279069767442,22,19,22,3,0.0,13.636363636363635,0.5,0.4,0.4,1.9620553359683794
"Stridor is an abnormal, high-pitched, musical breathing sound caused by a blockage in the throat or voice box (larynx).It is usually heard when taking in a breath.","Es un sonido respiratorio anormal, chillón y musical causado por un bloqueo en la garganta o la laringe y generalmente se escucha al inhalar."," El estertor es un sonido respiratorio anormal, agudo y musical causado por una obstrucción en la garganta o caja de voz (laringe). Suele escucharse cuando se toma una bocanada de aire.","El estrido es un sonido anormal, agudo y musical de la respiración causado por una obstrucción en la garganta o en la caja de la voz (laringe). Se escucha generalmente al tomar una bocanada de aire.",0.5614035087719298,0.6031746031746031,0.3636363636363636,0.26229508196721313,0.5263157894736842,0.5396825396825397,31,36,24,5,29.166666666666668,50.0,0.6190476190476191,0.6666666666666666,1.0476190476190477,1.9559125085440876
"CPR can be lifesaving, but it is best done by someone trained in an accredited CPR course.","La RCP puede salvar vidas, pero la realiza mejor alguien que haya recibido entrenamiento para tal fin en un curso acreditado."," La RCP puede ser salvadora de vidas, pero es mejor que la realice alguien capacitado en un curso de RCP acreditado.","La reanimación cardiopulmonar (CPR) puede ser salvaje la vida, pero es mejor que se realice por alguien capacitado en un curso de reanimación cardiopulmonar acreditado.",0.6190476190476191,0.5,0.25,0.13043478260869565,0.5238095238095238,0.4166666666666667,21,25,21,4,0.0,19.047619047619047,0.6190476190476191,0.5238095238095238,0.7619047619047619,1.9119047619047618
"In many cases it will prevent you from getting sick.For example, a person who has had chickenpox or has been immunized against chickenpox is immune from getting chickenpox again.Watch this video about:Immune response","Por ejemplo, un individuo que haya padecido o que haya sido vacunado contra la varicela es inmune a contraer esta enfermedad de nuevo.Mire éste video sobre:Respuesta inmunológica"," En muchos casos, previene que usted se enferme. Por ejemplo, una persona que ha tenido varicela o ha sido inmunizada contra la varicela está inmune a volver a contraer varicela. Mire este video sobre: respuesta inmunitaria","En muchos casos, puede prevenir que se enferme. Por ejemplo, una persona que ha tenido varicela o ha sido vacunada contra la varicela es inmune a contraer varicela de nuevo. Mire este video sobre: Respuesta inmunológica",0.4848484848484848,0.626865671641791,0.21875000000000003,0.39999999999999997,0.45454545454545453,0.5970149253731343,36,36,27,0,33.33333333333333,33.33333333333333,0.48,0.6,0.96,1.8164015151515152
"This test is done during a hospital stay.  It tells the difference between someone who is making urine because of drinking a lot of liquid and someone who is not.  If you have central diabetes insipidus, you will still make a lot of urine even when fluids are not given. ",Esta prueba se efectúa durante una estadía en el hospital.Ésta establece la diferencia entre alguien que está produciendo orina por beber mucho líquido y alguien que no lo está haciendo.," Este examen se realiza durante una estancia hospitalaria. Le dice la diferencia entre alguien que está haciendo orina porque bebe mucha cantidad de líquido y alguien que no lo hace. Si tiene diabetes insípida central, seguirá haciendo mucha orina incluso cuando no se le dan líquidos.","Esta prueba se realiza durante una estancia hospitalaria. Indica la diferencia entre alguien que produce orina debido a la ingesta de grandes cantidades de líquido y alguien que no lo hace. Si tiene diabetes insípida central, seguirá produciendo mucha orina incluso cuando no se le administran fluidos.",0.4578313253012048,0.48192771084337355,0.32098765432098764,0.32098765432098764,0.4337349397590361,0.4337349397590361,46,47,30,1,53.333333333333336,56.666666666666664,0.5185185185185185,0.5925925925925926,1.037037037037037,1.802662501859289
"Screening women with pelvic ultrasound or blood tests, such as the Ca-125 has not been found to be effective and is not recommended.","El hecho de examinar a las mujeres con ecografías de la pelvis o exámenes de sangre, como el CA-125, no se ha comprobado que sea eficaz y tampoco se recomienda."," La detección de mujeres con ultrasonido pélvico o pruebas de sangre, como la CA-125 no ha demostrado ser efectiva y no se recomienda.","La exploración de mujeres con ultrasonido pélvico o pruebas de sangre, como la Ca-125, no ha demostrado ser efectiva y no se recomienda.",0.5084745762711863,0.5084745762711863,0.2456140350877193,0.2456140350877193,0.47457627118644075,0.47457627118644075,23,23,30,0,23.333333333333332,23.333333333333332,0.4444444444444444,0.4444444444444444,0.7037037037037037,1.80146694419665
How well you do depends on the amount of poison swallowed and how quickly treatment is received.,Su pronóstico depende de la cantidad de tóxico ingerido y de la prontitud con que se haya recibido el tratamiento., La recuperación depende del cantidad de veneno ingerido y la rapidez con que se recibe el tratamiento.,La efectividad del tratamiento depende de la cantidad de veneno ingerido y la rapidez con que se recibe el tratamiento.,0.6,0.6190476190476191,0.2631578947368421,0.4,0.55,0.6190476190476191,17,20,20,3,15.0,0.0,0.6470588235294118,0.6470588235294118,0.9411764705882353,1.789783281733746
"The mother may fake symptoms of illness in her child by adding blood to the child's urine or stool, withholding food, falsifying fevers, secretly giving the child drugs to make the child throw up or have diarrhea, or using other tricks, such as infecting intravenous (given through a vein) lines to make the child appear or become ill.","La madre puede simular síntomas de enfermedad en su hijo añadiendo sangre a su orina o heces, dejando de alimentarlo, falsificando fiebres, administrándole secretamente fármacos que le produzcan vómito o diarrea o empleando otros trucos como infectar las vías intravenosas (a través de una vena) para que el niño aparente o en realidad resulte enfermo."," La madre puede fingir síntomas de enfermedad en su hijo agregando sangre a la orina o las heces del niño, privando al niño de alimentos, falsificando fiebres, dándole secretamente medicamentos para hacer que el niño vomite o tenga diarrea, o utilizando otros trucos, como infectar líneas intravenosas (administradas a través de una vena) para hacer que el niño parezca enfermo o se ponga enfermo.","La madre puede fingir síntomas de enfermedad en su hijo al agregar sangre a la orina o heces del niño, retener alimentos, falsificar fiebres, darle medicamentos secretamente para hacer que el niño tenga vómitos o diarrea, o utilizando otros trucos, como infectar líneas intravenosas (administradas a través de una vena) para hacer que el niño aparezca o se vuelva enfermo.",0.6370370370370372,0.6307692307692307,0.37593984962406013,0.421875,0.6222222222222222,0.6307692307692307,64,60,55,4,16.363636363636363,9.090909090909092,0.6170212765957447,0.574468085106383,0.9148936170212766,1.770001836743158
"Laparoscopic repair: Your surgeon will make 3 - 5 small cuts in your belly.Your surgeon will insert a laparoscope (a thin, hollow tube with a tiny camera on the end) through one of these cuts and other tools through the other cuts.",Reparación laparoscópica: el cirujano hará de 3 a 5 incisiones pequeñas en el abdomen e introducirá un laparoscopio (un tubo delgado y hueco con una cámara diminuta en el extremo) a través de una de estas incisiones y otras herramientas a través de las otras incisiones., Su cirujano hará 3 a 5 pequeñas incisiones en su abdomen. Su cirujano insertará un laparoscopio (un tubo delgado y hueco con una cámara diminuta en el extremo) por una de estas incisiones y otros instrumentos por las otras incisiones.,"La reparación laparoscópica: Su cirujano hará entre 3 y 5 cortes pequeños en su barriga. Su cirujano insertará un laparoscopio (un tubo delgado, hueco con una cámara diminuta en el extremo) a través de uno de estos cortes y otras herramientas a través de los otros cortes.",0.7021276595744681,0.7047619047619047,0.5217391304347826,0.5048543689320388,0.6808510638297872,0.6857142857142857,40,47,46,7,13.043478260869565,2.1739130434782608,0.7878787878787878,0.696969696969697,0.7272727272727273,1.6882544221119613
"Some substances that are found to be harmful to people or animals may still be allowed, but only at the level of 1/100th of the amount that is considered harmful.People with any allergies or food intolerances should always check the ingredient list (label) for their own protection.","Es posible que algunas sustancias que se consideran dañinas para las personas y los animales sean admitidas sólo a nivel de una centésima parte de la cantidad que se considera peligrosa. Para su propia protección, las personas con alergia o intolerancia a algún tipo de alimento deben revisar siempre la lista de ingredientes (etiqueta)."," Algunas sustancias que se encuentran dañinas para las personas o los animales pueden permitirse todavía, pero solo al nivel de 1/100 de la cantidad considerada dañina.Las personas con cualquier alergia o intolerancia alimentaria deben revisar siempre la lista de ingredientes (etiqueta) por su propia protección.","Algunas sustancias que se encuentran dañinas para las personas o los animales pueden aún estar permitidas, pero solo a un nivel de 1/100 de la cantidad considerada dañina. Las personas con cualquier alergia o intolerancia alimentaria deben revisar siempre la lista de ingredientes (etiqueta) por su propia protección.",0.6363636363636364,0.6607142857142857,0.46296296296296297,0.45454545454545453,0.5636363636363636,0.5535714285714286,45,48,54,3,16.666666666666664,11.11111111111111,0.5454545454545454,0.5681818181818182,0.8181818181818182,1.6552188552188551
"If obesity prevents you from being physically able to inspect your feet, ask a family member, neighbor, or visiting nurse to perform this important check.","Si la obesidad le impide físicamente poder revisarse los pies, solicítele a un familiar, un vecino o una enfermera visitadora que le realice esta importante inspección."," Si el sobrepeso te impide ser físicamente capaz de inspeccionar tus pies, pide a un familiar, vecino o enfermera visitante que realice esta importante verificación.","Si la obesidad te impide ser físicamente capaz de inspeccionar tus pies, pídele a un familiar, vecino o enfermera visitante que realice esta importante revisión.",0.5714285714285714,0.6315789473684211,0.22222222222222224,0.2909090909090909,0.5714285714285714,0.6315789473684211,25,25,26,0,3.8461538461538463,3.8461538461538463,0.5833333333333334,0.6666666666666666,0.875,1.623015873015873
"A uniform brown color is usually seen over the cheeks, forehead, nose, or upper lip.It is most often symmetrical (matching on both sides of the face).","Usualmente, se observa un color café uniforme en las mejillas, en la frente, en la nariz y en el labio superior y, con mucha frecuencia, es simétrico (igual en ambos lados de la cara)."," Se observa generalmente un color marrón uniforme sobre las mejillas, frente, nariz o labio superior. Es más común que sea simétrico (igual en ambos lados de la cara).","Se observa generalmente un color marrón uniforme sobre las mejillas, la frente, la nariz o el labio superior. Es más a menudo simétrico (igual en ambos lados de la cara).",0.626865671641791,0.7058823529411764,0.36923076923076925,0.45454545454545453,0.626865671641791,0.7058823529411764,28,30,34,2,17.647058823529413,11.76470588235294,0.6071428571428571,0.6428571428571429,0.8928571428571429,1.5967607019845826
"Tretinoin (Retin-A) or creams containing alpha-hydroxy acids may be recommended, but these aren't guaranteed to help.","Se puede recomendar la tretinoína (Retin-A) o cremas que contengan alfa-hidroxiácidos, pero no hay garantía de que sirvan."," Se pueden recomendar tretinoína (Retin-A) o cremas que contengan ácidos hídricos alfa, pero estos no están garantizados para ayudar.","Se pueden recomendar la tretinoína (Retin-A) o cremas que contengan ácidos hidroxiácidos alfa, pero estos no están garantizados para ayudar.",0.6086956521739131,0.6808510638297872,0.3181818181818182,0.4444444444444445,0.5652173913043478,0.6382978723404256,19,20,18,1,5.555555555555555,11.11111111111111,0.5882352941176471,0.6470588235294118,1.0588235294117647,1.584887235526622
"In January 2001, the FDA's Center for Food Safety and Applied Nutrition proposed that developers of bioengineered food submit scientific and safety information to the FDA at least 120 days before the food is marketed.","En enero de 2001, el Centro para la Nutrición Aplicada y la Seguridad en los Alimentos de la FDA (FDA´sCenter for Food Safety and Applied Nutrition ) propuso que quienes desarrollen alimentos procesados genéticamente envíen información científica y de seguridad a la FDA al menos 120 días antes de que el producto salga al mercado."," En enero de 2001, el Centro para la Seguridad y Nutrición Aplicada de Alimentos (Centro de Alimentos) de la Administración de Drogas y Alimentos (FDA) propuso que los desarrolladores de alimentos bioengenierados presentaran información científica y de seguridad a la FDA al menos 120 días antes de que el alimento se comercialice.","En enero de 2001, el Centro para la Seguridad Alimentaria y Nutrición Aplicada de la Administración de Alimentos y Medicamentos (AAM) propuso que los desarrolladores de alimentos bioingenierados presenten información científica y de seguridad a la AAM al menos 120 días antes de que se comercialice el alimento.",0.6779661016949152,0.6666666666666666,0.5344827586206896,0.48214285714285715,0.6271186440677966,0.5964912280701753,52,48,55,4,5.454545454545454,12.727272727272727,0.6136363636363636,0.5909090909090909,0.6590909090909091,1.5739147760480314
"An extradural hemorrhage is bleeding between the inside of the skull and the outer covering of the brain (called the ""dura"").","Es un sangrado entre la parte interior del cráneo y la cubierta externa del cerebro, denominada ""duramadre"".","Una hemorragia extradural es sangrado entre el interior del cráneo y la cubierta exterior del cerebro (llamada \""dura\"").",La hemorragia extradural es sangrado entre el interior del cráneo y la cubierta externa del cerebro (llamada la 'dura mater').,0.6486486486486486,0.717948717948718,0.45714285714285713,0.5405405405405405,0.6486486486486486,0.6666666666666666,18,20,17,2,5.88235294117647,17.647058823529413,0.5333333333333333,0.6,0.9333333333333333,1.560875160875161
"Deficiency happens more often in women than in men, and is more common in pregnant women and older children. Getting enough iodine in the diet may prevent a form of physical and mental retardation called cretinism.Cretinism is very rare in the U.S. because iodine deficiency is generally not a problem.","Esta deficiencia afecta con más frecuencia a las mujeres que a los hombres y es más común en mujeres embarazadas y niños mayores. La ingesta de yodo suficiente en la dieta puede prevenir una forma de retardo mental y físico llamada cretinismo, una afección muy rara en los Estados Unidos, dado que la deficiencia de yodo, en general, no representa un problema."," La deficiencia ocurre más a menudo en mujeres que en hombres, y es más común en mujeres embarazadas y niños mayores. Obtener suficiente yodo en la dieta puede prevenir una forma de retraso físico y mental llamada cretinismo. El cretinismo es muy raro en los EE.UU. porque la deficiencia de yodo no suele ser un problema.","La deficiencia de yodo ocurre con mayor frecuencia en mujeres que en hombres, y es más común en mujeres embarazadas y niños mayores. Obtener suficiente yodo en la dieta puede prevenir una forma de retraso físico y mental llamado cretinismo. El cretinismo es muy raro en los EE.UU. debido a que la deficiencia de yodo no es generalmente un problema.",0.7384615384615385,0.7368421052631577,0.46875,0.45801526717557256,0.6615384615384615,0.6315789473684211,56,60,62,4,9.67741935483871,3.225806451612903,0.6382978723404256,0.6595744680851063,0.8085106382978723,1.5544905891980358
Complete bed rest for several days is usually recommended.,Generalmente se recomienda guardar reposo completo durante algunos días., Normalmente se recomienda reposo en cama completo durante varios días.,Se recomienda reposo en cama durante varios días.,0.6666666666666666,0.631578947368421,0.3157894736842105,0.23529411764705882,0.6666666666666666,0.631578947368421,10,8,9,2,11.11111111111111,11.11111111111111,0.6666666666666666,0.4444444444444444,0.7777777777777778,1.550877192982456
"You can take the tooth to the dentist by following one of these tips:Try to place the tooth back in the mouth where it fell out, so it is level with other teeth. Bite down gently on gauze or a wet tea bag to help keep it in place. Be careful not to swallow the tooth.","Trate de colocar de nuevo el diente en la boca de donde se desprendió, de manera que quede a nivel con los otros dientes. Muerda suavemente una gasa o una bolsita de té húmeda para ayudarlo a mantenerse en su sitio. Tenga cuidado de no tragarse el diente.","Puede llevar el diente al dentista siguiendo una de las siguientes recomendaciones: Trate de colocar el diente nuevamente en la boca donde se cayó, para que esté a nivel con los demás dientes. Mordisque un trapo o una bolsa de té húmeda suavemente para ayudarlo a mantenerse en su lugar. Ten cuidado de no tragar el diente."" 
}","Puede llevar el diente al odontólogo siguiendo una de estas recomendaciones: Intenta colocar el diente nuevamente en la boca donde cayó, de modo que esté a nivel con los demás dientes. Muerde suavemente sobre gasas o una taza de té húmeda para ayudar a mantenerlo en su lugar. Ten cuidado de no tragar el diente.",0.6666666666666667,0.6168224299065421,0.39622641509433965,0.3047619047619048,0.611111111111111,0.5981308411214952,58,55,48,3,20.833333333333336,14.583333333333334,0.6923076923076923,0.6153846153846154,0.8974358974358975,1.5447992259313013
"You may occasionally eat lean, 3-ounce cuts of red meat.","Ocasionalmente, se pueden utilizar cortes magros de carne roja de 3 onzas (85 gramos).", Puede comer ocasionalmente trozos de carne roja magros de 3 onzas.,Puede comer ocasionalmente trozos magros de carne roja de 3 onzas.,0.64,0.64,0.4347826086956522,0.5217391304347826,0.56,0.64,11,11,14,0,21.428571428571427,21.428571428571427,0.38461538461538464,0.38461538461538464,0.7692307692307693,1.5406020066889632
Abnormal heart sounds,Ruidos cardíacos anormales, Sonidos cardíacos anormales,Sonidos cardíacos anormales se detectaron durante la auscultación cardíaca.,0.75,0.375,0.6666666666666666,0.28571428571428575,0.75,0.375,3,9,3,6,0.0,200.0,0.6666666666666666,0.6666666666666666,1.0,1.5166666666666666
"However, as a general rule, once a substance causes allergies for an individual, it can continue to affect the person long term.","Sin embargo, como regla general, una vez que una sustancia causa alergia a un individuo, puede continuar afectándolo durante largo tiempo."," Sin embargo, como regla general, una vez que un sujeto causa alergias en una persona, puede afectar a la persona a largo plazo.","Sin embargo, como regla general, una vez que una sustancia causa alergias en un individuo, puede seguir afectándolo a largo plazo.",0.6666666666666666,0.8636363636363636,0.37209302325581395,0.6666666666666666,0.5333333333333332,0.8181818181818182,23,21,21,2,9.523809523809524,0.0,0.65,0.8,0.8,1.5112403100775196
"Waxy, yellow surface",Superficie amarillenta y cerosa, Superficie cerosa y amarilla,Superficie cerosa y amarilla,0.75,0.75,0.0,0.0,0.5,0.5,4,4,4,0,0.0,0.0,0.75,0.75,1.0,1.5
"People who have a sudden herniated disk caused by injury (such as a car accident or lifting a very heavy object) will get nonsteroidal anti-inflammatory medications (NSAIDs) and narcotic painkillers if they have severe pain in the back and leg.If you have back spasms, you will usually receive muscle relaxants.","A las personas con una hernia de disco repentina, causada por lesión (como un accidente automovilístico o por levantar un objeto muy pesado), se les administrarán analgésicos narcóticos y antinflamatorios no esteroides (AINES) si tienen dolor intenso en la espalda y la pierna."," Las personas que tengan una hernia de disco repentino causada por lesión (como un accidente de automóvil o levantar un objeto muy pesado) recibirán medicamentos antiinflamatorios no esteroideos (AINEs) y analgésicos narcóticos si tienen dolor severo en la espalda y la pierna. Si tiene espasmos musculares, generalmente recibirá relajantes musculares.","Las personas que tienen un disco herniado causado por lesión (como un accidente de coche o levantar un objeto muy pesado) recibirán medicamentos no esteroides antiinflamatorios (NEAIs) y analgésicos narcóticos si tienen dolor severo en la espalda y pierna. Si tienes espasmos musculares, generalmente recibirás relajantes musculares.",0.6990291262135923,0.64,0.4752475247524752,0.38775510204081626,0.6407766990291262,0.5599999999999999,50,47,43,3,16.27906976744186,9.30232558139535,0.6666666666666666,0.6153846153846154,0.9230769230769231,1.4590566823672657
"Rarely, children will have problems falling asleep or staying asleep.","Rara vez, los niños tendrán problemas para conciliar el sueño o permanecer dormidos. "," Raramente, los niños tendrán problemas para quedarse dormidos o mantenerse dormidos.","Raramente, los niños tendrán problemas para quedarse dormidos o mantenerse dormidos.",0.6206896551724138,0.6206896551724138,0.4444444444444445,0.4444444444444445,0.6206896551724138,0.6206896551724138,11,11,13,0,15.384615384615385,15.384615384615385,0.5384615384615384,0.5384615384615384,0.8461538461538461,1.3964043619216033
"Increased calcium for a limited period of time does not normally cause side effects.However, receiving higher amounts of calcium over a long period of time raises the risk of kidney stones in some people.","Normalmente, el incremento del consumo de calcio durante un período de tiempo limitado no ocasiona efectos secundarios; sin embargo, el hecho de recibir una gran cantidad de calcio durante un período de tiempo prolongado eleva el riesgo de cálculos renales en algunas personas."," El aumento de calcio durante un período limitado de tiempo no causa normalmente efectos secundarios.Sin embargo, recibir cantidades más altas de calcio durante un período prolongado aumenta el riesgo de formación de cálculos renales en algunas personas.","El aumento del calcio durante un período limitado de tiempo no causa normalmente efectos secundarios. Sin embargo, recibir cantidades más altas de calcio durante un largo período de tiempo aumenta el riesgo de formación de piedras renales en algunas personas.",0.7865168539325844,0.7555555555555555,0.5057471264367817,0.4318181818181818,0.7191011235955057,0.688888888888889,37,40,43,3,13.953488372093023,6.976744186046512,0.6129032258064516,0.5806451612903226,0.8387096774193549,1.3948327938241825
"Because there is little or no flow out of the left heart, blood returning to the heart from the lungs needs to pass through the foramen ovale or an atrial septal defect (a hole connecting the collecting chambers on the left and right sides of the heart) back to the right side of the heart.","Debido a que hay poca o ninguna circulación del lado izquierdo del corazón, la sangre que retorna a éste desde los pulmones necesita pasar a través del agujero oval o de una comunicación interauricular (un agujero que conecta las cámaras colectoras en los lados izquierdo y derecho del corazón) de nuevo hacia el lado derecho del corazón."," Porque hay poco o ningún flujo hacia afuera del lado izquierdo del corazón, la sangre que regresa al corazón desde los pulmones necesita pasar por el agujero oval o una comunicación interauricular (una abertura conectando las cámaras colectoras en los lados izquierdo y derecho del corazón) hacia el lado derecho del corazón.","Porque hay poca o ninguna salida del lado izquierdo del corazón, la sangre que regresa al corazón desde los pulmones necesita pasar a través de la ventana oval (foramen ovale) o una defecto septal auricular (un agujero que conecta las cámaras colectoras en el lado izquierdo y derecho del corazón) hacia el lado derecho del corazón.",0.7154471544715446,0.7777777777777778,0.5785123966942148,0.6290322580645161,0.7154471544715446,0.7460317460317459,52,56,57,4,8.771929824561402,1.7543859649122806,0.7142857142857143,0.8095238095238095,0.7380952380952381,1.3917547345485262
"The infection is spread by saliva, urine, respiratory droplets, sexual contact, and blood transfusions.","La infección se propaga por medio de la saliva, la orina, las gotitas respiratorias, el contacto sexual y las transfusiones sanguíneas."," La infección se propaga a través de la saliva, orina, gotas respiratorias, contacto sexual y transfusiones de sangre.","La infección se propaga a través de la saliva, orina, gotas respiratorias, contacto sexual y transfusiones sanguíneas.",0.6511627906976744,0.7441860465116279,0.3902439024390244,0.4878048780487805,0.6511627906976744,0.7441860465116279,18,17,21,1,14.285714285714285,19.047619047619047,0.6842105263157895,0.7368421052631579,0.8421052631578947,1.3743827805475117
Advance care directives allow patients to provide instructions about their preferences regarding the care they would like to receive if they develop an illness or a life-threatening injury and are unable to express their preferences.,La declaración de voluntades anticipadas permite a los pacientes dar instrucciones acerca de sus preferencias con respecto a los cuidados que les gustaría recibir si padecen una enfermedad o una lesión potencialmente mortal y no pueden expresar dichas preferencias., Los documentos de voluntades anticipadas permiten a los pacientes brindar instrucciones sobre sus preferencias con respecto al cuidado que desean recibir si desarrollan una enfermedad o lesión letal y no pueden expresar sus preferencias.,Las directivas de atención avanzada permiten a los pacientes proporcionar instrucciones sobre sus preferencias en cuanto al cuidado que desean recibir si desarrollan una enfermedad o una lesión letal y no pueden expresar sus preferencias.,0.6753246753246753,0.5822784810126581,0.4,0.33766233766233766,0.6493506493506493,0.5569620253164557,34,35,39,1,12.82051282051282,10.256410256410255,0.6571428571428571,0.5428571428571428,0.7428571428571429,1.3675324675324676
"Not having milk in your diet can lead to a shortage of calcium, vitamin D, riboflavin, and protein.You may need to find new ways to get calcium into your diet (depending on your age and gender, you need 1,000 - 1,500 mg of calcium each day):","No obtener leche en la alimentación puede llevar a una carencia de calcio, vitamina D, riboflavina y proteína. Es posible que usted necesite encontrar nuevas maneras de obtener calcio en su dieta (dependiendo de su edad y sexo, se necesitan de 1,000 a 1,500 mg de calcio cada día):"," No tener leche en su dieta puede provocar una escasez de calcio, vitamina D, riboflavina y proteínas. Es posible que deba encontrar nuevas formas de obtener calcio en su dieta (dependiendo de su edad y género, necesita 1.000-1.500 mg de calcio cada día):","No tener leche en tu dieta puede provocar una carencia de calcio, vitamina D, riboflavina y proteínas. Es posible que necesites encontrar nuevas formas de obtener calcio en tu dieta (dependiendo de tu edad y género, necesitas entre 1.000 a 1.500 mg de calcio cada día):",0.7378640776699029,0.7428571428571428,0.5544554455445545,0.5631067961165048,0.7378640776699029,0.7428571428571428,43,46,49,3,12.244897959183673,6.122448979591836,0.6410256410256411,0.6666666666666666,0.7435897435897436,1.3666548357599013
"In the past, the prevailing opinion was that it was generally best to assign a gender as quickly as possible, often based on the external genitals rather than the chromosomal gender, and to instruct the parents to have no ambiguity in their minds as to the gender of the child.","En el pasado, la opinión que prevalecía era que generalmente era mejor asignar un sexo lo más rápido posible, a menudo sobre la base de los genitales externos, en vez del sexo de los cromosomas, e instruir a los padres para no tener ambigüedad en sus mentes en cuanto al sexo del niño."," En el pasado, la opinión predominante era que era mejor asignar un género lo antes posible, a menudo basado en los genitales externos más que en el género cromosómico, y instruir a los padres para que no hubiera ambigüedad en sus mentes con respecto al género del niño.","En el pasado, la opinión predominante era que era mejor asignar un género lo antes posible, a menudo basado en los genitales externos más que en el género cromosómico, y instruir a los padres para que no hubiera ambigüedad en sus mentes respecto al género del niño.",0.6782608695652174,0.6842105263157895,0.4247787610619469,0.4285714285714286,0.6086956521739131,0.6140350877192983,48,47,53,1,9.433962264150944,11.320754716981133,0.6829268292682927,0.6829268292682927,0.9024390243902439,1.314033540104543
"Protein can also be used by the body for energy, but only after glycogen or carbohydrate stores have been used up.","La proteína también la puede usar el cuerpo para obtener energía, pero sólo después de que las reservas de glucógeno o carbohidratos se agoten.","El cuerpo también puede utilizar la proteína para obtener energía, pero solo después de que se hayan agotado los depósitos de glicógeno o carbohidratos."" 
}","La proteína también puede ser utilizada por el cuerpo para obtener energía, pero solo después de que se hayan agotado las reservas de glicógeno o carbohidratos.",0.7333333333333333,0.7868852459016393,0.4482758620689655,0.576271186440678,0.5333333333333333,0.7540983606557377,25,26,24,1,4.166666666666666,8.333333333333332,0.6086956521739131,0.7391304347826086,0.7391304347826086,1.309695152423788
"You'll likely be diagnosed with rheumatic fever if you meet two major criteria, or one major and two minor criteria, and have signs that you've had a previous strep infection.","El diagnóstico de fiebre reumática se da si uno satisface dos criterios principales, o uno principal y dos secundarios, al igual que si muestra signos de que ha tenido una infección previa por estreptococos."," Probablemente se le diagnosticará con fiebre reumática si cumple dos criterios principales o uno principal y dos menores, y tiene signos de que ha tenido una infección estreptocócica previa.","Probablemente se le diagnosticará fiebre reumática si cumple con dos criterios mayores, o uno mayor y dos menores, y tiene signos de que ha tenido una infección estreptocócica previa.",0.6376811594202898,0.5797101449275363,0.4776119402985074,0.3582089552238806,0.6086956521739131,0.5507246376811593,29,29,34,0,14.705882352941178,14.705882352941178,0.5862068965517241,0.5517241379310345,0.8620689655172413,1.2985000037294787
Biopsy - breast; Open breast biopsy,Biopsia de mama; Biopsia abierta de las mamas, Biopsia de mama; Biopsia de mama abierta,Biopsia de mama abierta,0.9333333333333333,0.6666666666666666,0.4615384615384615,0.4,0.7999999999999999,0.6666666666666666,7,4,8,3,12.5,50.0,0.6666666666666666,0.5,0.6666666666666666,1.2384615384615385
"Your health care provider will examine you for signs of food poisoning, such as pain in the stomach and signs your body does not have as much water and fluids as it should.This is called dehydration.","Su médico lo examinará en busca de signos de intoxicación con alimentos, como dolor en el estómago y signos de que su cuerpo no tiene tanta agua y líquidos como debería, lo cual se denomina deshidratación."," Su proveedor de atención médica lo examinará por signos de intoxicación alimentaria, como dolor en el estómago y signos de que su cuerpo no tiene suficiente agua y líquidos. Esto se llama deshidratación.","Su proveedor de atención médica lo examinará por signos de intoxicación alimentaria, como dolor en el estómago y signos de que su cuerpo no tiene tanto agua y líquidos como debería. Esto se llama deshidratación.",0.7407407407407408,0.7857142857142857,0.5316455696202531,0.5853658536585366,0.7160493827160495,0.7619047619047619,33,35,36,2,8.333333333333332,2.7777777777777777,0.6896551724137931,0.7241379310344828,0.9310344827586207,1.237958517225213
"Another myth of adolescence is the idea that ""it will never happen to me, only the other person."" ""It"" may represent becoming pregnant or catching a sexually-transmitted disease after having unprotected sex, causing a car crash while driving under the influence of alcohol or drugs, or any of the many other negative effects of risk-taking behaviors.","Otro mito de la adolescencia es la idea de que ""eso nunca me sucederá, sólo a los demás"".""Eso"" puede representar resultar embarazada o contraer una enfermedad de transmisión sexual luego de tener sexo sin protección; causar un accidente automovilístico mientras se conduce bajo la influencia del alcohol o las drogas, o cualquiera de los otros numerosos efectos negativos de los comportamientos peligrosos.","Otra mitología de la adolescencia es la idea de que \""nunca le sucederá a mí, solo al otro persona\"". \""Ella\"" puede representar quedarse embarazada o contraer una enfermedad de transmisión sexual después de tener sexo sin protección, causar un accidente de tráfico mientras conduce bajo la influencia del alcohol o las drogas, o cualquiera de los muchos otros efectos negativos de los comportamientos de riesgo.""
}","Otra de las mitologías de la adolescencia es la idea de que 'eso' nunca le sucederá a ella, sino al otro. Lo que 'eso' puede representar es quedarse embarazada o contraer enfermedades de transmisión sexual después de tener sexo sin protección, causar un accidente de tráfico mientras conduce bajo la influencia del alcohol o drogas, o cualquiera de los muchos otros efectos negativos de las conductas de alto riesgo.",0.7681159420289856,0.7464788732394366,0.5882352941176471,0.5285714285714286,0.7391304347826085,0.6901408450704226,66,69,62,3,6.451612903225806,11.29032258064516,0.7058823529411765,0.6666666666666666,0.8235294117647058,1.2377664109121906
These symptoms are more likely to occur if the skin has been cut or rubbed because this gives the MRSA germ a way to “get in.” Symptoms are also more likely in areas where there is more body hair due to hair follicles.,"Estos síntomas tienen mayor probabilidad de presentarse si la piel se ha cortado o frotado porque esto le brinda a la bacteria del SARM una ruta para ""entrar"".Los síntomas también son más probables en áreas donde hay más vello corporal debido a los folículos pilosos.", Estos síntomas son más propensos a ocurrir si la piel ha sido cortada o frotada porque esto da al germen del MRSA una forma de 'entrar'. Los síntomas también son más probables en áreas donde hay más pelo corporal debido a los folículos pilosos.,"Estos síntomas son más probables de ocurrir si la piel ha sido cortada o frotada porque esto da al germen MRSA una forma de ""entrar"". Los síntomas también son más probables en áreas donde hay más cabello corporal debido a los folículos pilosos.",0.7184466019417477,0.6862745098039216,0.5148514851485149,0.5199999999999999,0.6796116504854369,0.6862745098039216,44,43,45,1,2.2222222222222223,4.444444444444445,0.6341463414634146,0.6097560975609756,0.8536585365853658,1.2325555714463228
An implantable cardioverter defibrillator (ICD) is a device that can be implanted in the chest wall of people who are at risk for this serious rhythm disorder. The ICD can help prevent sudden cardiac death by quickly sending an electrical shock when ventricular fibrillation occurs.,Un desfibrilador cardioversor implantable (DCI) es un dispositivo que se puede implantar en la pared torácica de personas que estén en riesgo de este serio trastorno del ritmo cardíaco.El DCI puede ayudar a prevenir la muerte cardíaca súbita al enviar rápidamente un choque eléctrico cuando se presenta fibrilación ventricular.,"Un cardioverter desfibrilador implantable (CDI) es un dispositivo que se puede implantar en la pared torácica de las personas que están en riesgo de esta grave alteración del ritmo cardíaco. El CDI puede ayudar a prevenir el fallecimiento cardiaco súbito enviando rápidamente un choque eléctrico cuando ocurre la fibrilación ventricular."" 
}",Un desfibrilador cardíaco implantable (ICD) es un dispositivo que puede ser implantado en la pared torácica de las personas que están en riesgo de esta grave alteración del ritmo cardíaco. El ICD puede ayudar a prevenir la muerte súbita cardíaca enviando rápidamente una descarga eléctrica cuando ocurre fibrilación ventricular.,0.7586206896551724,0.735042735042735,0.5789473684210527,0.5043478260869565,0.7413793103448276,0.7008547008547009,51,49,49,2,4.081632653061225,0.0,0.6428571428571429,0.6428571428571429,0.7619047619047619,1.2195747990666321
"If you have a weakened immune system due to AIDS, cancer, transplantation, or corticosteroid use, call your doctor if you develop a cough, fever, or shortness of breath.","Si usted tiene un sistema inmunitario debilitado a causa del SIDA, cáncer, trasplante o uso de corticosteroides, llame al médico si presenta fiebre, tos o dificultad para respirar."," Si tiene un sistema inmunitario debilitado debido al SIDA, el cáncer, la trasplante o el uso de corticosteroides, llame a su médico si desarrolla tos, fiebre o dificultad para respirar.","Si tienes un sistema inmunológico debilitado debido a la infección por VIH, el cáncer, una trasplante de órganos o el uso de corticosteroides, llama a tu médico si desarrollas tos, fiebre o disnea.",0.8387096774193549,0.5671641791044775,0.4666666666666667,0.21538461538461537,0.7419354838709677,0.5373134328358209,30,33,28,3,7.142857142857142,17.857142857142858,0.7777777777777778,0.48148148148148145,0.6666666666666666,1.2168458781362008
"Daily preoccupation -- the user loses any motivation; does not care about school and work; has obvious behavior changes; thinking about drug use is more important than all other interests, including relationships; the user becomes secretive; may begin dealing drugs to help support habit; use of other, harder drugs may increase; legal problems may increase.","Preocupación diaria: el consumidor pierde cualquier motivación; no le importa el colegio ni el trabajo; tiene cambios de comportamiento obvios; pensar acerca del consumo de drogas es más importante que todo los otros intereses, incluyendo las relaciones interpersonales; el consumidor se torna reservado; puede comenzar a vender drogas para ayudarse a sostener el hábito; el consumo de otras drogas más fuertes puede aumentar; se pueden incrementar los problemas legales."," Preocupación diaria -- el usuario pierde cualquier motivación; no se preocupa por la escuela y el trabajo; tiene cambios en el comportamiento obvios; pensar en el uso de drogas es más importante que todos los demás intereses, incluyendo las relaciones; el usuario se vuelve secreto; puede comenzar a traficar con drogas para ayudar a mantener su hábito; puede aumentar el uso de otras drogas más duras; pueden aumentar los problemas legales.","La preocupación diaria -- el usuario pierde cualquier motivación; no se preocupa por la escuela y el trabajo; tienen cambios de comportamiento obvios; pensar en el uso de drogas es más importante que todos los demás intereses, incluidas las relaciones; el usuario se vuelve secreto; puede comenzar a tratar con drogas para ayudar a mantener su hábito; puede aumentar el uso de otras drogas más duras; pueden aumentar los problemas legales.",0.7200000000000001,0.6933333333333334,0.4594594594594595,0.4324324324324324,0.6533333333333333,0.64,71,71,69,0,2.898550724637681,2.898550724637681,0.6037735849056604,0.5471698113207547,0.9433962264150944,1.2167669556348801
"Also, many refined foods, such as white flour, sugar, and white rice, lack B vitamins and other important nutrients unless they are marked ""enriched."" It is healthiest to get carbohydrates, vitamins, and other nutrients in as natural a form as possible -- for example, from fruit instead of table sugar.","Igualmente, muchos alimentos refinados, como la harina blanca, el azúcar y el arroz blanco, carecen de vitaminas del complejo B y otros importantes nutrientes, a menos que aparezcan etiquetados como ""enriquecidos"".Lo más sano es obtener carbohidratos, vitaminas y otros nutrientes en la forma más natural posible, por ejemplo, de frutas en lugar del azúcar de mesa.","Además, muchos alimentos refinados, como harina blanca, azúcar y arroz blanco, carecen de vitaminas del complejo B y otros nutrientes importantes a menos que estén marcados como 'enriquecidos'. Es más saludable obtener carbohidratos, vitaminas y otros nutrientes en su forma natural lo más posible —por ejemplo, desde la fruta en lugar de azúcar para mesa—.""
}","Además, muchos alimentos refinados, como harina blanca, azúcar y arroz blanco, carecen de vitaminas B y otros nutrientes importantes a menos que estén marcados como 'enriquecido'. Es lo más saludable obtener carbohidratos, vitaminas y otros nutrientes en su forma natural posible — por ejemplo, desde la fruta en lugar del azúcar para mesa.",0.8524590163934426,0.8305084745762712,0.5333333333333333,0.5344827586206896,0.7540983606557377,0.7627118644067797,56,53,56,3,0.0,5.357142857142857,0.7209302325581395,0.7441860465116279,0.9534883720930233,1.1932774177150847
"Increased intracranial pressure can be due to a rise in cerebrospinal fluid pressure.It can also be due to increased pressure within the brain matter caused by a mass (such as a tumor), bleeding into the brain or fluid around the brain, or swelling within the brain matter itself.","El aumento en la presión intracraneal puede deberse a un aumento en la presión del líquido cefalorraquídeo o también a un aumento en la presión dentro de la materia cerebral, causado por una masa (como un tumor), sangrado dentro del cerebro o líquido alrededor de éste, o inflamación dentro de la materia cerebral en sí."," La presión intracraneal aumentada puede deberse a un aumento de la presión del líquido cefalorraquídeo. También puede deberse a una mayor presión dentro de la materia cerebral causada por un tumor, sangrado en el cerebro o líquido alrededor del cerebro, o hinchazón dentro de la propia materia cerebral.","La presión intracraneal puede aumentar debido a un aumento en la presión del líquido cefalorraquídeo. También puede deberse a una mayor presión dentro de la materia cerebral causada por una masa (como un tumor), hemorragia en el cerebro o alrededor del cerebro, o inflamación dentro de la propia materia cerebral.",0.8067226890756302,0.8,0.5470085470085471,0.6271186440677966,0.7226890756302521,0.7333333333333333,48,50,55,2,12.727272727272727,9.090909090909092,0.65625,0.75,0.90625,1.1900187639158228
"Your kidneys help control your body's acid level by removing acid from the blood and sending it into your urine.Acidic substances in the body are counteracted by alkaline substances, primarily bicarbonate.","Los riñones ayudan a controlar el nivel de ácido en el cuerpo, removiendo el ácido de la sangre y eliminándolo en la orina. Las sustancias ácidas en el cuerpo se neutralizan por medio de sustancias alcalinas, principalmente bicarbonato."," Sus riñones ayudan a controlar el nivel ácido del cuerpo eliminando ácidos de la sangre y enviándolos a la orina. Los sustancias ácidas en el cuerpo se contrarrestan con sustancias alcalinas, principalmente bicarbonato.","Sus riñones ayudan a controlar el nivel de ácido en su cuerpo eliminando ácidos del torrente sanguíneo y enviándolos a la orina. Los substancias ácidas en el cuerpo se contrarrestan por substancias alcalinas, principalmente bicarbonato.",0.7466666666666666,0.6666666666666667,0.5205479452054794,0.42105263157894735,0.72,0.6410256410256411,33,35,38,2,13.157894736842104,7.894736842105263,0.75,0.7142857142857143,0.8928571428571429,1.182785388127854
Menopause. A drop in the hormone estrogen causes vaginal dryness.,Menopausia: la disminución de los niveles de estrógenos provoca resequedad vaginal., La menopausia. Una disminución de la hormona estrógeno provoca resequedad vaginal.,La menopausia. Un descenso en la hormona estrógeno provoca sequedad vaginal.,0.7692307692307693,0.48000000000000004,0.5,0.17391304347826086,0.6923076923076923,0.48000000000000004,11,11,11,0,0.0,0.0,0.6,0.3,0.7,1.1307692307692307
"If a young child refuses to put weight on an arm or leg after an accident, won't move the arm or leg, or you can clearly see a deformity, assume the child has a broken bone and get medical help.","Si un niño pequeño se niega a soportar peso sobre un brazo o una pierna después de un accidente, no mueve el brazo o la pierna, o la deformidad se puede ver claramente, suponga que el niño presenta una fractura ósea y consiga ayuda médica."," Si un niño pequeño se niega a poner peso en un brazo o pierna después de un accidente, no mueve el brazo o la pierna, o puedes ver claramente una deformidad, supongamos que tiene un hueso roto y busque ayuda médica.","Si un niño joven se niega a poner peso en un brazo o pierna después de un accidente, no mueve el brazo o la pierna, o puedes ver claramente una deformidad, asume que el niño tiene una fractura ósea y busca ayuda médica.",0.7789473684210526,0.8453608247422681,0.5806451612903225,0.631578947368421,0.7368421052631577,0.8041237113402062,41,43,45,2,8.88888888888889,4.444444444444445,0.7142857142857143,0.7428571428571429,0.8571428571428571,1.1261217560029104
The most common use of this test is to help diagnose and monitor a disorder called sarcoidosis . People with sarcoidosis may have their ACE levels tested regularly to check the severity of the disease and see how well treatment is working. ,El uso más común de este examen es ayudar a diagnosticar y vigilar un trastorno llamado sarcoidosis. Las personas con sarcoidosis pueden hacerse examinar periódicamente sus niveles de ECA para evaluar la gravedad de la enfermedad y ver qué tan bien está funcionando el tratamiento. , El uso más común de este examen es ayudar al diagnóstico y seguimiento de un trastorno llamado sarcoidosis . Las personas con sarcoidosis pueden tener sus niveles de ACE evaluados regularmente para verificar la gravedad de la enfermedad y ver cómo está funcionando el tratamiento.,El uso más común de esta prueba es ayudar a diagnosticar y controlar un trastorno llamado sarcoidosis. Las personas con sarcoidosis pueden tener sus niveles de ACE evaluados regularmente para verificar la gravedad de la enfermedad y ver cómo está funcionando el tratamiento.,0.75,0.7659574468085107,0.6170212765957447,0.6304347826086957,0.75,0.7659574468085107,45,43,45,2,0.0,4.444444444444445,0.7073170731707317,0.7317073170731707,0.8048780487804879,1.1256616502335237
Bili lights is a type of light therapy (phototherapy) that is used to treat newborn jaundice . Jaundice is a yellow coloring of the skin and eyes caused by too much of a substance called bilirubin.,"Las bililuces o luces azules especiales se refieren a un tipo de terapia con luz (fototerapia) que se utiliza para tratar la ictericia del recién nacido, una coloración amarillenta de la piel y de los ojos causada por la presencia de demasiada cantidad de una sustancia llamada bilirrubina.", Los Bili-luces es un tipo de terapia con luz (fototerapia) que se utiliza para tratar la ictericia en recién nacidos. La ictericia es una coloración amarillenta de la piel y los ojos causada por demasiado de una sustancia llamada bilirrubina.,Las lámparas de bilirrubina son un tipo de terapia de luz (fototerapia) utilizada para tratar la ictericia neonatal. La ictericia es una coloración amarilla de la piel y los ojos causada por demasiado de una sustancia llamada bilirrubina.,0.7741935483870969,0.6666666666666665,0.6373626373626373,0.43181818181818177,0.7526881720430109,0.6000000000000001,40,38,48,2,16.666666666666664,20.833333333333336,0.675,0.55,0.6,1.1134438142502658
Increased vision allows the infant to tell objects apart from backgrounds with very little contrast (such as a button on a blouse of the same color),El incremento en la visión le permite al bebé diferenciar objetos a partir de fondos con muy poco contraste (como un botón en una blusa del mismo color)., La mejor visión le permite al bebé distinguir objetos de fondos con muy poca contraste (como un botón en una camisa del mismo color),La mejoría en la visión permite al bebé distinguir objetos de fondos con muy poco contraste (como un botón en una camisa del mismo color),0.7857142857142856,0.8275862068965518,0.5925925925925927,0.6428571428571429,0.7857142857142856,0.793103448275862,24,25,28,1,14.285714285714285,10.714285714285714,0.6666666666666666,0.7037037037037037,0.7777777777777778,1.055026455026455
"Allergic conjunctivitis occurs when the clear layer of tissue lining the eyelids and covering the white of the eye (conjunctiva) become swollen or inflamed due to a reaction to pollen, dander, mold, or other allergy-causing substances.","Se produce cuando la capa transparente de tejido que recubre los párpados y cubre la parte blanca del ojo (conjuntiva) se hincha o se inflama debido a una reacción al polen, la caspa, el moho u otras sustancias que causan alergias. "," La conjuntivitis alérgica ocurre cuando la capa transparente de tejido que recubre los párpados y cubre el blanco del ojo (conjuntiva) se hincha o inflama debido a una reacción a polen, pelaje, moho u otras sustancias causantes de alergia.","La conjuntivitis alérgica ocurre cuando la capa clara de tejido que cubre los párpados y el blanco del ojo (conjuntiva) se inflama o se hincha debido a una reacción a polen, pelo de mascotas, moho u otras sustancias causantes de alergias.",0.8,0.7586206896551724,0.6024096385542169,0.4705882352941176,0.7294117647058824,0.6206896551724139,39,41,41,2,4.878048780487805,0.0,0.7837837837837838,0.7567567567567568,0.8918918918918919,1.0138065776619993
"Threre is a wide range for what is considered ""normal."" Just because your child is in the 15th percentile for weight (meaning 85 out of 100 children weigh more), this number rarely means your child is sick, you're not feeding your child enough, or your breast milk is not enough for your baby.","Hay una amplia gama para lo que se considera ""normal"".Simplemente porque su hijo esté en el percentil 15 para peso (lo que significa que 85 de 100 niños pesan más), este número rara vez significa que su hijo esté enfermo, que usted no lo está alimentando lo suficiente o que su leche materna no sea suficiente para su bebé."," Hay un amplio rango para lo que se considera 'normal'. Aunque su hijo esté en el 15º percentil de peso (lo que significa que 85 de cada 100 niños pesan más), este número rara vez significa que su hijo está enfermo, no le está dando suficiente alimento o que la leche materna no es lo suficiente para su bebé.","Hay una amplia gama de lo que se considera 'normal'. Aunque su hijo esté en el 15º centil para peso (lo que significa que 85 de cada 100 niños pesan más), este número rara vez significa que su hijo está enfermo, no le estás dando suficiente alimento a tu hijo o que la leche materna no es suficiente para tu bebé.",0.8160000000000001,0.7968749999999999,0.6178861788617885,0.6031746031746031,0.7839999999999999,0.7968749999999999,59,61,59,2,0.0,3.389830508474576,0.7857142857142857,0.8333333333333334,0.9761904761904762,0.9803995354239258
"If you can see bone in the injured site, call your local emergency number (such as 911) or local hospital for further advice.","Si usted puede ver hueso en el sitio lesionado, llame al número local de emergencias (como el 911 en los Estados Unidos) o al hospital local para mayores recomendaciones."," Si puede ver hueso en el sitio lesionado, llame al número local de emergencias (como el 911 en los Estados Unidos) o al hospital local en busca de recomendaciones adicionales.","Si puede ver hueso en el lugar lesionado, llame a su número de emergencia local (como 911) o al hospital local para obtener consejo adicional.",0.8852459016393444,0.7142857142857142,0.8135593220338982,0.4074074074074074,0.8852459016393444,0.6785714285714285,30,25,29,5,3.4482758620689653,13.793103448275861,0.84,0.64,0.6,0.9611947763267574
The amount of liquid you eat (such as soup) or drink will be limited to the amount of urine you can produce.You will be told what you may and may not eat to reduce the buildup of toxins that the kidneys would normally remove.,La cantidad de líquido que usted tome (como las sopas) o bebe se limitará a la cantidad de orina que pueda producir. Le dirán lo que puede o no comer con el fin de reducir la acumulación de toxinas que los riñones normalmente eliminarían., La cantidad de líquido que coma (como sopa) o beba se limitará a la cantidad de orina que pueda producir. Le será indicado qué puede y no comer para reducir la acumulación de toxinas que los riñones normalmente eliminarían.,La cantidad de líquido que coma (como sopa) o beba se limitará a la cantidad de orina que sus riñones pueden producir. Le dirán qué puede y no comer para reducir la acumulación de toxinas que los riñones eliminarían normalmente.,0.782608695652174,0.7789473684210526,0.6444444444444444,0.5806451612903225,0.782608695652174,0.7578947368421053,39,40,44,1,11.363636363636363,9.090909090909092,0.7142857142857143,0.6571428571428571,0.8,0.9586611456176674
"You get iron through certain foods, and your body also reuses iron from old red blood cells.",Uno obtiene hierro a través de ciertos alimentos y el cuerpo también recicla hierro proveniente de glóbulos rojos viejos., Obtiene hierro a través de ciertos alimentos y su cuerpo también reutiliza el hierro de los glóbulos rojos viejos.,Obtienes hierro a través de ciertos alimentos y tu cuerpo también reutiliza el hierro de las células rojas de sangre antiguas.,0.8636363636363636,0.6521739130434783,0.6190476190476191,0.4545454545454545,0.8181818181818182,0.6086956521739131,19,21,19,2,0.0,10.526315789473683,0.7647058823529411,0.5882352941176471,0.6470588235294118,0.9526101349630762
"Children with early sexual development are more likely to have psychological and social problems.Children and adolescents generally want to be the same as their peers, and early sexual development can make them appear different.","Los niños con desarrollo sexual precoz tienen mayor probabilidad de tener problemas psicosociales, ya que los niños y adolescentes generalmente quieren ser iguales a sus compañeros y el desarrollo sexual prematuro puede hacerlos aparecer ""diferentes""."," Los niños con desarrollo sexual temprano tienen más probabilidades de tener problemas psicológicos y sociales. Los niños y adolescentes generalmente quieren ser iguales a sus compañeros, y el desarrollo sexual temprano puede hacer que parezcan diferentes.","Los niños con desarrollo sexual temprano tienen más probabilidades de experimentar problemas psicológicos y sociales. Los niños y adolescentes suelen querer ser iguales a sus pares, y un desarrollo sexual temprano puede hacer que parezcan diferentes.",0.7848101265822786,0.6410256410256411,0.6233766233766234,0.368421052631579,0.7594936708860759,0.6153846153846154,36,36,35,0,2.857142857142857,2.857142857142857,0.6451612903225806,0.5161290322580645,0.7741935483870968,0.9466519597185175
Asthma symptoms usually occur much less often or disappear as the child gets get older.,Los síntomas de asma por lo regular ocurren con mucho menos frecuencia o desaparecen a medida que el niño crece., Los síntomas de asma suelen ocurrir con mucha menos frecuencia o desaparecer a medida que el niño crece.,Los síntomas de asma suelen ocurrir con mucha menos frecuencia o desaparecer a medida que el niño crece.,0.761904761904762,0.761904761904762,0.6,0.6,0.761904761904762,0.761904761904762,18,18,20,0,10.0,10.0,0.7,0.7,0.9,0.9380952380952381
"Your doctor may do other tests to check high blood pressure, heart disease, diabetes, high cholesterol, and other causes of, and risk factors for TIAs or stroke.","El médico puede realizar otros exámenes para verificar si hay hipertensión, cardiopatía, diabetes, colesterol alto y otras causas y factores de riesgo para AIT o accidente cerebrovascular."," Su médico puede realizar otros exámenes para verificar la presión arterial alta, enfermedad cardíaca, diabetes, colesterol alto y otras causas de y factores de riesgo para los AIT o accidente cerebrovascular.","Su médico puede hacer otros exámenes para verificar la presión arterial alta, enfermedad cardíaca, diabetes, colesterol alto y otras causas de, y factores de riesgo para TIA o accidente cerebrovascular.",0.7575757575757576,0.7076923076923077,0.625,0.5396825396825397,0.7575757575757576,0.7076923076923077,31,30,27,1,14.814814814814813,11.11111111111111,0.8,0.72,1.0,0.9174242424242424
"The pituitary gland near the brain makes too much of the hormone ACTH (called Cushing's disease), which may happen with too much growth of the pituitary gland, a tumor of the pituitary gland, or a tumor elsewhere in the body (such as the pancreas, lung, and thyroid) that produces ACTH","La hipófisis cerca del cerebro produce demasiada hormona corticotropina (llamado enfermedad de Cushing), que puede suceder con el crecimiento excesivo de dicha glándula o a un tumor en ella o en alguna otra parte en el cuerpo (como el páncreas, el pulmón y la tiroides) que produce dicha hormona.  "," La hipófisis cerca del cerebro produce demasiada hormona corticotropina (llamado enfermedad de Cushing), lo cual puede ocurrir con un crecimiento excesivo de la glándula pituitaria, un tumor en ella o un tumor en alguna otra parte del cuerpo (como el páncreas, el pulmón y la tiroides) que produce hormona corticotropina.","La glándula pituitaria cerca del cerebro produce demasiado de la hormona ACTH (llamada enfermedad de Cushing), lo que puede ocurrir con un crecimiento excesivo de la glándula pituitaria, un tumor de la glándula pituitaria o un tumor en otro lugar del cuerpo (como el páncreas, el pulmón y la tiroides) que produce ACTH.",0.8224299065420562,0.6126126126126126,0.6666666666666667,0.42201834862385323,0.8224299065420562,0.6126126126126126,50,53,49,3,2.0408163265306123,8.16326530612245,0.8974358974358975,0.6923076923076923,0.7692307692307693,0.9134675293553797
"Your health care provider will tell you if it's necessary to stop taking any drugs that may interfere with this test.Make sure that your doctor is aware of all drugs you are taking, both prescription and nonprescription.","El médico le dirá igualmente si es necesario dejar de tomar cualquier medicamento que pueda interferir con este examen. Asegúrese de hacerle saber al médico acerca de todos los medicamentos que está tomando, tanto recetados como de venta libre.","Su proveedor de atención médica le dirá si es necesario dejar de tomar cualquier medicamento que pueda interferir con este examen. Asegúrese de que su médico esté al tanto de todos los medicamentos que está tomando, tanto recetados como no recetados."" 
}","Su proveedor de atención médica le dirá si es necesario dejar de tomar cualquier medicamento que pueda interferir con esta prueba. Asegúrese de que su doctor esté al tanto de todos los medicamentos que está tomando, tanto recetados como sin receta.",0.7816091954022989,0.7209302325581395,0.6352941176470588,0.5476190476190476,0.735632183908046,0.6744186046511628,42,41,39,1,7.6923076923076925,5.128205128205128,0.7941176470588235,0.7058823529411765,0.8823529411764706,0.8889790398918188
"When the needle is inserted to draw blood, you may feel moderate pain, or only a prick or stinging sensation.","Cuando se inserta la aguja para extraer la sangre, se puede sentir un dolor moderado o experimentar sólo una sensación de pinchazo o picadura."," Cuando se introduce la aguja para extraer la sangre, puede sentir dolor moderado o sólo un pinchazo o picadura.","Cuando se inserta la aguja para tomar sangre, puede sentir dolor moderado o solo una picadura o sensación picante.",0.8260869565217392,0.7391304347826088,0.5454545454545454,0.40909090909090906,0.7826086956521738,0.6521739130434783,19,19,24,0,20.833333333333336,20.833333333333336,0.7619047619047619,0.6666666666666666,0.5238095238095238,0.8665537361189535
"However, recent studies do not support this idea, and suggest that these medications can be used in children with tics who also have attention-deficit disorder (which often occurs in the same group of children).A chronic motor tic disorder also exists.","Sin embargo, estudios recientes no respaldan esta idea y sugieren que estos medicamentos se pueden utilizar en niños con tics que también tienen trastorno por déficit de atención (que a menudo se presenta en el mismo grupo de niños)."," Sin embargo, los estudios recientes no respaldan esta idea y sugieren que estos medicamentos pueden usarse en niños con tics que también tienen trastorno por déficit de atención e hiperactividad (lo cual ocurre a menudo en el mismo grupo de niños). También existe un trastorno de tic motor crónico.","Sin embargo, recientes estudios no respaldan esta idea y sugieren que estos medicamentos pueden usarse en niños con tics que también tienen trastorno por déficit de atención e hiperactividad (lo cual ocurre a menudo en el mismo grupo de niños). También existe un trastorno tico motriz crónico.",0.7799999999999999,0.7959183673469388,0.673469387755102,0.6458333333333333,0.7799999999999999,0.7755102040816326,49,47,39,2,25.64102564102564,20.51282051282051,0.8857142857142857,0.8857142857142857,1.1714285714285715,0.8608163265306124
"Without PIG-A, important proteins cannot connect to the cell surface and protect the cell from substances in the blood called complement.","Sin el PIG-A, importantes proteínas no pueden conectarse a la superficie de la célula y protegerla de sustancias en la sangre llamadas complemento."," Sin la proteína PIG-A, importantes proteínas no pueden unirse a la superficie celular y proteger al célula de sustancias en la sangre llamadas complemento.","Sin PIG-A, las proteínas importantes no pueden conectarse a la superficie celular y proteger la célula de sustancias en la sangre llamadas complemento.",0.8148148148148148,0.8846153846153846,0.576923076923077,0.6,0.7407407407407408,0.8076923076923077,24,23,23,1,4.3478260869565215,0.0,0.85,0.9,0.95,0.8582621082621082
Preventive measures vary depending on the specific disorder.,Las medidas preventivas varían dependiendo del trastorno específico., Las medidas preventivas varían según el trastorno específico.,Las medidas preventivas varían según el trastorno específico.,0.761904761904762,0.761904761904762,0.631578947368421,0.631578947368421,0.761904761904762,0.761904761904762,8,8,8,0,0.0,0.0,0.75,0.75,1.0,0.856516290726817
"Greater respect for the complexities of female sexual functioning has led them to conclude that suboptimal female genitalia may not be inherently better than suboptimal male genitalia, even if the reconstruction is ""easier.""In addition, other factors may be more important in gender satisfaction than functioning external genitals.","Un mayor respeto por las complejidades del funcionamiento sexual femenino los ha llevado a concluir que los genitales femeninos insuficientes pueden no ser intrínsecamente mejores que los genitales masculinos insuficientes, incluso si la reconstrucción es “más fácil”.  Además, otros factores pueden ser más importantes en la satisfacción del sexo que los genitales externos funcionales.","Un mayor respeto por las complejidades del funcionamiento sexual femenino ha llevado a concluir que los genitales femeninos subóptimos no son inherentemente mejores que los genitales masculinos subóptimos, incluso si la reconstrucción es 'más fácil'. Además, otros factores pueden ser más importantes para la satisfacción de género que los genitales externos funcionantes."" 
}","Un mayor respeto por las complejidades de la función sexual femenina ha llevado a concluir que los genitales femeninos subóptimos no son inherentemente mejores que los genitales masculinos subóptimos, incluso si la reconstrucción es 'más fácil'. Además, otros factores pueden ser más importantes en la satisfacción de género que la función de los genitales externos.",0.819672131147541,0.7559055118110236,0.7166666666666667,0.64,0.819672131147541,0.7559055118110236,53,55,54,2,1.8518518518518516,1.8518518518518516,0.813953488372093,0.7441860465116279,0.9069767441860465,0.8497077138136994
"You have sudden, sharp chest pain with shortness of breath, especially after a long trip, a stretch of bedrest (for example, following an operation), or other lack of movement, especially if one leg is swollen or more swollen than the other (this could be a blood clot, part of which has moved to the lungs).","Tiene un dolor de pecho repentino y agudo con dificultad respiratoria, especialmente después de un viaje largo, un período de reposo en cama (por ejemplo, después de una operación) u otra falta de movimiento, especialmente si una pierna está hinchada o más hinchada que la otra (esto podría ser un coágulo sanguíneo, parte del cual se ha desplazado a los pulmones). "," Tiene dolor de pecho súbito y agudo con dificultad para respirar, especialmente después de un viaje largo, una estirada de reposo en cama (por ejemplo, después de una operación), o falta de movimiento, especialmente si tiene una pierna hinchada o más hinchada que la otra (esto podría ser un coágulo sanguíneo, parte del cual se ha movido a los pulmones).","Tiene dolor de pecho repentino y agudo con falta de aliento, especialmente después de un largo viaje, una estancia prolongada en la cama (por ejemplo, después de una operación), o cualquier otra falta de movimiento, especialmente si tiene una pierna hinchada o más hinchada que el otro lado (esto podría ser un coágulo sanguíneo, parte del cual se ha movido a los pulmones).",0.8613138686131386,0.8345323741007195,0.7407407407407408,0.6423357664233575,0.8613138686131386,0.7913669064748201,60,63,61,3,1.639344262295082,3.278688524590164,0.8571428571428571,0.7959183673469388,0.8367346938775511,0.8408025335032635
Some laboratories use different measurements or may test different specimens.,Algunos laboratorios usan diferentes medidas o podrían evaluar diferentes muestras., Algunos laboratorios usan diferentes medidas o pueden evaluar distintas muestras.,Algunos laboratorios utilizan mediciones diferentes o pueden examinar muestras distintas.,0.761904761904762,0.47619047619047616,0.5263157894736842,0.10526315789473685,0.761904761904762,0.47619047619047616,10,10,10,0,0.0,0.0,0.8888888888888888,0.4444444444444444,0.5555555555555556,0.822890559732665
"CT scan or MRI to confirm that there is a growth, and to see if the cancer has spread to lymph nodes in the neck",Tomografía computarizada o una resonancia magnética para confirmar si hay una masa y para ver si el cáncer se ha diseminado a los ganglios linfáticos en el cuello, Se puede realizar una tomografía computarizada o resonancia magnética para confirmar la presencia de un crecimiento y ver si el cáncer se ha extendido a los ganglios linfáticos en el cuello.,Se realizará una tomografía computarizada (TC) o resonancia magnética (RM) para confirmar la presencia de un crecimiento y determinar si el cáncer se ha extendido a los ganglios linfáticos del cuello.,0.7761194029850748,0.6865671641791045,0.6153846153846154,0.4307692307692308,0.7462686567164178,0.6567164179104478,31,31,28,0,10.714285714285714,10.714285714285714,0.7916666666666666,0.7083333333333334,1.0833333333333333,0.8168293149636432
Transposition of the great vessels is a heart defect that occurs from birth (congenital). The two major vessels that carry blood away from the heart -- the aorta and the pulmonary artery -- are switched (transposed).,"Es un defecto cardíaco que ocurre desde el nacimiento (congénito), en el cual los dos vasos principales que llevan sangre lejos del corazón, la aorta y la arteria pulmonar, están intercambiados (transpuestos).", La transposición de las grandes arterias es un defecto cardíaco que ocurre desde el nacimiento (cardiopatía congénita). Los dos vasos principales que llevan la sangre lejos del corazón -- la aorta y la arteria pulmonar -- están intercambiados.,La transposición de las grandes arterias es un defecto cardíaco que se presenta desde el nacimiento (congenital). Las dos principales arterias que llevan sangre lejos del corazón -- la aorta y la arteria pulmonar -- están intercambiadas (transpuestas).,0.7948717948717949,0.6842105263157895,0.7105263157894737,0.5675675675675675,0.7948717948717949,0.6842105263157895,38,38,32,0,18.75,18.75,0.6896551724137931,0.6206896551724138,0.9655172413793104,0.8049467169249382
"Note: It is often technically easier to treat (and therefore raise) the child as female (it is easier for a surgeon to make female genitalia than it is to make male genitalia), so in some cases this is recommended even if the child is genetically male.","Nota: con frecuencia es técnicamente más fácil tratar (y por lo tanto criar) al niño como mujer (para un cirujano es más fácil hacer genitales femeninos que masculinos), de tal manera que en algunos casos se recomienda esto incluso si el niño es genéticamente masculino."," Nota: A menudo es técnicamente más fácil tratar (y por lo tanto criar) al niño como mujer (es más fácil para un cirujano hacer genitales femeninos que genitales masculinos), por lo que en algunos casos se recomienda incluso si el niño es genéticamente macho.","A menudo es técnicamente más fácil tratar (y por lo tanto asignar) al niño como femenino (es más fácil para un cirujano crear genitales femeninos que masculinos), por lo que en algunos casos se recomienda incluso si el niño es genéticamente masculino.",0.8761904761904762,0.8349514563106797,0.7378640776699028,0.7128712871287128,0.819047619047619,0.7766990291262137,44,42,45,2,2.2222222222222223,6.666666666666667,0.7948717948717948,0.717948717948718,0.7948717948717948,0.7910736512678261
This test is done to measure the level of amino acids in the blood.,Este examen se hace para medir el nivel de aminoácidos en la sangre., Este examen se realiza para medir el nivel de ácidos aminados en la sangre.,Este test se realiza para medir el nivel de aminoácidos en la sangre.,0.8571428571428571,0.8571428571428571,0.6153846153846154,0.6923076923076923,0.8571428571428571,0.8571428571428571,14,13,13,1,7.6923076923076925,0.0,0.8461538461538461,0.8461538461538461,0.8461538461538461,0.7813186813186813
"Because it is difficult to determine the amount of radiation exposure from nuclear accidents, the best signs of the severity of the exposure are: the length of time between the exposure and the onset of symptoms, the severity of symptoms, and severity of changes in white blood cells.","Debido a que es difícil determinar la cantidad de exposición a radiación a causa de accidentes nucleares, las mejores señales de la gravedad de la exposición son: el tiempo transcurrido entre la exposición y la aparición de los síntomas, la gravedad de dichos síntomas y de los cambios en los glóbulos blancos."," Debido a que es difícil determinar la cantidad de exposición a radiación en accidentes nucleares, los mejores signos de la gravedad de la exposición son: la duración del tiempo entre la exposición y el comienzo de los síntomas, la gravedad de los síntomas y la gravedad de los cambios en las células blancas de sangre.","Dado que es difícil determinar la cantidad de exposición a la radiación en accidentes nucleares, los mejores signos de la gravedad de la exposición son: la duración del tiempo entre la exposición y el inicio de los síntomas, la gravedad de los síntomas y la gravedad de los cambios en las células blancas de sangre.",0.8253968253968254,0.7936507936507936,0.6129032258064517,0.5645161290322581,0.7301587301587302,0.6984126984126984,55,55,52,0,5.769230769230769,5.769230769230769,0.7878787878787878,0.7575757575757576,0.9393939393939394,0.7738211609179351
"For example, a food that has 13 grams of fat with a Percent Daily Value of 20% means that 13 grams of fat is 20%, or one-fifth, of the total daily fat recommended for a person who eats 2,000 calories per day.","Por ejemplo, un alimento que tiene 13 gramos de grasa con un valor porcentual diario del 20% significa que 13 gramos de grasa es el 20%, o una quinta parte, de la grasa diaria total recomendada para una persona que consume 2,000 calorías por día."," Por ejemplo, un alimento que tiene 13 gramos de grasas con un Valor Diario Porcentual (VDP) del 20% significa que 13 gramos de grasas son el 20%, o una quinta parte, de las grasas diarias totales recomendadas para una persona que consume 2,000 calorías al día.","Por ejemplo, un alimento que contiene 13 gramos de grasas con un Valor Diario Porcentual (VDV) del 20% significa que 13 gramos de grasas representan el 20%, o una quinta parte, de la cantidad total de grasas recomendadas diariamente para una persona que consume 2.000 calorías al día.",0.9278350515463918,0.888888888888889,0.7999999999999999,0.6804123711340208,0.9072164948453607,0.8484848484848485,46,48,45,2,2.2222222222222223,6.666666666666667,0.7142857142857143,0.7142857142857143,0.8285714285714286,0.7578792341678939
"A trained physician, often a cardiologist, inserts a small needle into the chest between the ribs and into the thin sac that surrounds the heart (the pericardium).A small amount of fluid is taken out.","Un médico entrenado, con frecuencia un cardiólogo, introducirá una aguja pequeña en el tórax, entre las costillas, hasta el saco delgado que rodea el corazón (el pericardio) y extraerá una cantidad pequeña de líquido.","Un médico entrenado, con frecuencia un cardiólogo, introduce una pequeña aguja en el tórax entre las costillas y en el saco delgado que rodea el corazón (el pericardio). Se extrae una pequeña cantidad de líquido."" 
}","Un médico capacitado, a menudo un cardiólogo, inserta una pequeña aguja en el pecho entre las costillas y en la delgada bolsa que rodea al corazón (el pericardio). Se extrae una pequeña cantidad de líquido.",0.9156626506024096,0.7073170731707317,0.6666666666666667,0.375,0.8433734939759037,0.6341463414634146,36,35,34,1,5.88235294117647,2.941176470588235,0.7666666666666667,0.6333333333333333,0.7333333333333333,0.7510040160642569
"Do NOT place the person in this position if a head, neck, back, or leg injury is suspected or if it makes the victim uncomfortable.","NO coloque a la persona en esta posición si se sospecha una lesión en la cabeza, el cuello, la espalda o las piernas o si la posición le resulta incómoda."," NO coloque a la víctima en esta posición si sospecha de una lesión en la cabeza, el cuello, la espalda o las piernas, o si le hace sentir incómoda al paciente.","No coloque a la persona en esta posición si se sospecha una lesión en la cabeza, el cuello, la espalda o la pierna, o si le hace sentir incómodo al paciente.",0.8115942028985507,0.8529411764705882,0.6567164179104478,0.7272727272727273,0.8115942028985507,0.8235294117647058,31,31,30,0,3.3333333333333335,3.3333333333333335,0.782608695652174,0.782608695652174,0.8695652173913043,0.7490806835388276
Bladder distention (urinary bladder over-filled with fluid) can cause a firm mass in the center of the lower abdomen above the pelvic bones.In extreme cases it can reach as far up as the navel.,"La distensión vesical (vejiga urinaria sobrecargada de líquido) puede causar una masa firme en el centro del abdomen inferior por encima de los huesos pélvicos, que en casos extremos puede extenderse hasta el ombligo."," La distensión vesical (vejiga urinaria sobrecargada de líquido) puede causar una masa firme en el centro del abdomen inferior por encima de los huesos pélvicos. En casos extremos, puede llegar hasta la ingle.","La distensión vesical (la vejiga urinaria sobrecargada de líquido) puede causar una masa firme en el centro del abdomen inferior por encima de los huesos pélvicos. En casos extremos, puede llegar hasta la altura del ombligo.",0.9041095890410958,0.8947368421052632,0.8450704225352113,0.7837837837837838,0.9041095890410958,0.8947368421052632,33,36,34,3,2.941176470588235,5.88235294117647,0.8333333333333334,0.8333333333333334,0.9666666666666667,0.7174866550903595
"Surgery combined with radiation therapy is often used to treat women with stage 1 disease that has a high chance of returning, has spread to the lymph nodes, or is a grade 2 or 3.","La cirugía combinada con radioterapia a menudo se utiliza para tratar a mujeres con la enfermedad en estadio 1 que tiene una alta posibilidad de retornar, que se ha diseminado a los ganglios linfáticos o es grado 2 o 3."," La cirugía combinada con la terapia de radiación se utiliza a menudo para tratar a las mujeres con enfermedad en estadio 1 que tiene una alta probabilidad de regresar, ha extendido los ganglios linfáticos o es de grado 2 o 3.","La cirugía combinada con la terapia de radiación se utiliza a menudo para tratar a las mujeres con enfermedad en estadio 1 que tiene una alta probabilidad de regresar, ha extendido los ganglios linfáticos o es de grado 2 o 3.",0.8139534883720929,0.8139534883720929,0.5952380952380952,0.5952380952380952,0.7441860465116279,0.7441860465116279,41,41,40,0,2.5,2.5,0.8823529411764706,0.8823529411764706,1.0588235294117647,0.7084554752133413
Is there blood on the toilet paper only?,¿Hay sangre sólo en el papel higiénico?, ¿Hay sangre solo en el papel higiénico?,¿Hay sangre solo en el papel higiénico?,0.823529411764706,0.823529411764706,0.6666666666666666,0.6666666666666666,0.823529411764706,0.823529411764706,7,7,7,0,0.0,0.0,0.8571428571428571,0.8571428571428571,1.0,0.6526610644257703
They still have foot problems after treatment,Todavía tienen problemas en el pie después del tratamiento., Aún tienen problemas en el pie después del tratamiento,Aún tienen problemas de pie después del tratamiento.,0.9090909090909091,0.761904761904762,0.8000000000000002,0.5263157894736842,0.9090909090909091,0.761904761904762,9,8,9,1,0.0,11.11111111111111,0.7777777777777778,0.6666666666666666,0.6666666666666666,0.613131313131313
"Reye syndrome can occur when aspirin is used to treat children with viral infections, such as chickenpox or the flu.","El síndrome de Reye puede presentarse cuando se usa el ácido acetilsalicílico para tratar niños con infecciones virales, como la varicela o la gripe."," El síndrome de Reye puede ocurrir cuando se utiliza ácido acetilsalicílico para tratar a los niños con infecciones virales, como la varicela o la gripe.","El síndrome de Reye puede ocurrir cuando se utiliza el ácido acetilsalicílico para tratar a los niños con infecciones virales, como la varicela o la gripe.",0.8727272727272727,0.8928571428571429,0.7547169811320754,0.7777777777777779,0.8727272727272727,0.8928571428571429,25,26,24,1,4.166666666666666,8.333333333333332,0.8695652173913043,0.9130434782608695,1.0434782608695652,0.6029905287493476
"Most women have only one polyp, but some women have two or three.","La mayoría de las mujeres solamente presenta un pólipo, pero algunas mujeres tienen dos o tres."," La mayoría de las mujeres tienen solo un pólipo, pero algunas tienen dos o tres.","La mayoría de las mujeres tienen solo un pólipo, pero algunas mujeres tienen dos o tres.",0.8571428571428571,0.8888888888888888,0.787878787878788,0.8235294117647058,0.8571428571428571,0.8888888888888888,15,16,16,1,6.25,0.0,0.8666666666666667,0.8666666666666667,0.9333333333333333,0.5883116883116882
"Other foods such as broccoli, cooked greens, and canned salmon (with bones) will also provide a source of calcium in the diet; however, it is often difficult to get children to consume adequate quantities of these foods.","Otros alimentos como el brócoli, las verduras cocidas y el salmón enlatado (con huesos) también brindan una fuente de calcio en la dieta; sin embargo, a menudo es difícil lograr que los niños consuman cantidades adecuadas de estos alimentos."," Otros alimentos como brócoli, espinacas cocidas y salmón enlatado (con huesos) también proporcionarán una fuente de calcio en la dieta; sin embargo, a menudo resulta difícil hacer que los niños consuman cantidades adecuadas de estos alimentos.","Otros alimentos como brócoli, espinacas cocidas y salmón enlatado (con huesos) también proporcionarán una fuente de calcio en la dieta; sin embargo, a menudo resulta difícil hacer que los niños consuman cantidades adecuadas de estos alimentos.",0.8604651162790699,0.8604651162790699,0.7142857142857143,0.7142857142857143,0.8604651162790699,0.8604651162790699,36,36,39,0,7.6923076923076925,7.6923076923076925,0.8378378378378378,0.8378378378378378,0.9459459459459459,0.587411331597378
Fever is the classic symptom and may persist for days before any other symptoms appear.,La fiebre es el síntoma clásico y puede persistir por días antes de que cualquier otro síntoma aparezca.,La fiebre es el síntoma clásico y puede persistir durante días antes de que aparezcan otros síntomas.,La fiebre es el síntoma clásico y puede persistir durante días antes de que aparezcan otros síntomas.,0.8837209302325582,0.8837209302325582,0.7804878048780488,0.7804878048780488,0.8837209302325582,0.8837209302325582,17,17,18,0,5.555555555555555,5.555555555555555,0.7647058823529411,0.7647058823529411,1.0,0.5710853825364519
Veins and arteries vary in size from one patient to another and from one side of the body to the other.Obtaining a blood sample from some people may be more difficult than from others.,"Las venas y las arterias varían en tamaño de un paciente a otro y de un lado del cuerpo a otro, razón por la cual extraer sangre de algunas personas puede ser más difícil que de otras.", Las venas y las arterias varían en tamaño de un paciente a otro y de un lado del cuerpo a otro. Obtener una muestra de sangre de algunas personas puede ser más difícil que de otras.,Las venas y arterias varían en tamaño de un paciente a otro y de un lado del cuerpo al otro. Obtener una muestra de sangre de algunas personas puede ser más difícil que de otras.,0.8780487804878048,0.8395061728395062,0.8500000000000001,0.7594936708860759,0.8780487804878048,0.8395061728395062,36,35,37,1,2.7027027027027026,5.405405405405405,0.8064516129032258,0.7741935483870968,0.9032258064516129,0.5654996066089694
"There is more likely to be increased amounts of pollen in the air on hot, dry, windy days.","Hay más probabilidad de que haya mayores cantidades de polen en el aire en los días calurosos, secos y ventosos."," Es más probable que haya mayores cantidades de polen en el aire los días calurosos, secos y ventosos.","Es más probable que haya mayores cantidades de polen en el aire en días calurosos, secos y ventosos.",0.8571428571428572,0.8571428571428572,0.7500000000000001,0.7500000000000001,0.8571428571428572,0.8571428571428572,18,18,20,0,10.0,10.0,0.8888888888888888,0.8333333333333334,0.9444444444444444,0.5039682539682538
Depression and older age are both risk factors for suicide.,La depresión y la edad avanzada son factores de riesgo para esto., La depresión y la edad avanzada son ambos factores de riesgo para el suicidio.,La depresión y la edad avanzada son ambos factores de riesgo para el suicidio.,0.8571428571428571,0.8571428571428571,0.7692307692307692,0.7692307692307692,0.8571428571428571,0.8571428571428571,14,14,12,0,16.666666666666664,16.666666666666664,0.9166666666666666,0.9166666666666666,1.1666666666666667,0.4569597069597071
"People with this condition generally have a large left ventricle (the pumping chamber of the heart that supplies the body with blood), and a small right ventricle (the pumping chamber that supplies the lungs with blood).",Las personas con esta afección generalmente tienen un ventrículo izquierdo grande (la cámara de bombeo del corazón que suministra sangre al cuerpo) y un ventrículo derecho pequeño (la cámara de bombeo que suministra sangre a los pulmones).," Las personas con esta condición generalmente tienen un ventrículo izquierdo grande (la cámara de bombeo del corazón que suministra sangre al cuerpo), y un ventrículo derecho pequeño (la cámara de bombeo que suministra sangre a los pulmones).",Las personas con esta condición generalmente tienen un ventrículo izquierdo grande (la cámara de bombeo del corazón que suministra sangre al cuerpo) y un ventrículo derecho pequeño (la cámara de bombeo que suministra sangre a los pulmones).,0.9772727272727273,0.9772727272727273,0.9534883720930233,0.9534883720930233,0.9772727272727273,0.9772727272727273,37,37,37,0,0.0,0.0,0.9285714285714286,0.9642857142857143,0.9642857142857143,0.14066747206282082
Nausea,Náuseas, Náuseas,Náuseas,1.0,1.0,1.0,1.0,1.0,1.0,1,1,1,0,0.0,0.0,1.0,1.0,1.0,0.0
Disorders of the endocrine system,Trastornos del sistema endocrino, Trastornos del sistema endocrino,Trastornos del sistema endocrino.,1.0,1.0,1.0,1.0,1.0,1.0,4,4,4,0,0.0,0.0,1.0,0.75,0.75,0.0
